caption_sentence,cleaned_tokens
It's become something of a tradition here on the IBM technology channel to do here on the IBM technology channel to do here on the IBM technology channel to do a video at the end of each year where we a video at the end of each year where we a video at the end of each year where we look back at the past year in cyber look back at the past year in cyber look back at the past year in cyber security and then make a few predictions security and then make a few predictions security and then make a few predictions for the future.,"['become', 'something', 'tradition', 'ibm', 'technology', 'channel', 'ibm', 'technology', 'channel', 'ibm', 'technology', 'channel', 'video', 'end', 'year', 'video', 'end', 'year', 'video', 'end', 'year', 'look', 'back', 'past', 'year', 'cyber', 'look', 'back', 'past', 'year', 'cyber', 'look', 'back', 'past', 'year', 'cyber', 'security', 'make', 'prediction', 'security', 'make', 'prediction', 'security', 'make', 'prediction', 'future']"
"We did this in 2023, for the future.",['future']
"We did this in 2023, for the future.",['future']
"We did this in 2023, again in 2024, and in 2025.",[]
"And I'm back again in 2024, and in 2025.",['back']
"And I'm back again in 2024, and in 2025.",['back']
And I'm back again to dust off my crystal ball and again to dust off my crystal ball and again to dust off my crystal ball and tell you what I see.,"['back', 'dust', 'crystal', 'ball', 'dust', 'crystal', 'ball', 'dust', 'crystal', 'ball', 'tell', 'see']"
"Oh, and by the way, tell you what I see.","['way', 'tell', 'see']"
"Oh, and by the way, tell you what I see.","['way', 'tell', 'see']"
"Oh, and by the way, this year I might have cheated just a this year I might have cheated just a this year I might have cheated just a little bit.","['way', 'year', 'might', 'cheated', 'year', 'might', 'cheated', 'year', 'might', 'cheated', 'little', 'bit']"
So stick around to the end little bit.,"['stick', 'around', 'end', 'little', 'bit']"
So stick around to the end little bit.,"['stick', 'around', 'end', 'little', 'bit']"
So stick around to the end to hear my confession.,"['stick', 'around', 'end', 'hear', 'confession']"
"Okay, let's take to hear my confession.","['okay', 'let', 'take', 'hear', 'confession']"
"Okay, let's take to hear my confession.","['okay', 'let', 'take', 'hear', 'confession']"
"Okay, let's take a look and see how the predictions from a look and see how the predictions from a look and see how the predictions from 2025 and beyond stacked up.","['okay', 'let', 'take', 'look', 'see', 'prediction', 'look', 'see', 'prediction', 'look', 'see', 'prediction', 'beyond', 'stacked']"
"Well, I said 2025 and beyond stacked up.","['well', 'said', 'beyond', 'stacked']"
"Well, I said 2025 and beyond stacked up.","['well', 'said', 'beyond', 'stacked']"
"Well, I said a lot of the stuff was going to be a lot of the stuff was going to be a lot of the stuff was going to be around AI.","['well', 'said', 'lot', 'stuff', 'going', 'lot', 'stuff', 'going', 'lot', 'stuff', 'going', 'around']"
We were get some positives around AI.,"['get', 'positive', 'around']"
We were get some positives around AI.,"['get', 'positive', 'around']"
We were get some positives and some negatives.,"['get', 'positive', 'negative']"
And I think that's and some negatives.,"['think', 'negative']"
And I think that's and some negatives.,"['think', 'negative']"
And I think that's turned out to be the case.,"['think', 'turned', 'case']"
If you look turned out to be the case.,"['look', 'turned', 'case']"
If you look turned out to be the case.,"['look', 'turned', 'case']"
"If you look at AI in particular, it has done some at AI in particular, it has done some at AI in particular, it has done some good things for us, but I'm in cyber good things for us, but I'm in cyber good things for us, but I'm in cyber security, so I'm focused on some of the security, so I'm focused on some of the security, so I'm focused on some of the negative aspects of how AI is getting negative aspects of how AI is getting negative aspects of how AI is getting used against us first.","['look', 'particular', 'done', 'particular', 'done', 'particular', 'done', 'good', 'thing', 'cyber', 'good', 'thing', 'cyber', 'good', 'thing', 'cyber', 'security', 'focused', 'security', 'focused', 'security', 'focused', 'negative', 'aspect', 'getting', 'negative', 'aspect', 'getting', 'negative', 'aspect', 'getting', 'used', 'first']"
"So shadow AI, used against us first.","['shadow', 'used', 'first']"
"So shadow AI, used against us first.","['shadow', 'used', 'first']"
"So shadow AI, that's an example of an AI implementation where no one approved this thing.","['shadow', 'example', 'implementation', 'one', 'approved', 'thing']"
It just exists.,['exists']
"Somebody downloaded something into a cloud, put in a model, and they were off to the in a model, and they were off to the in a model, and they were off to the races.","['somebody', 'downloaded', 'something', 'cloud', 'put', 'model', 'model', 'model', 'race']"
Shadow AI instances we have seen races.,"['shadow', 'instance', 'seen', 'race']"
Shadow AI instances we have seen races.,"['shadow', 'instance', 'seen', 'race']"
Shadow AI instances we have seen be costly.,"['shadow', 'instance', 'seen', 'costly']"
Uh I predicted they would be.,"['predicted', 'would']"
be costly.,['costly']
Uh I predicted they would be.,"['predicted', 'would']"
be costly.,['costly']
Uh I predicted they would be.,"['predicted', 'would']"
They are.,[]
"Uh, every year IBM runs a cost They are.","['every', 'year', 'ibm', 'run', 'cost']"
"Uh, every year IBM runs a cost They are.","['every', 'year', 'ibm', 'run', 'cost']"
"Uh, every year IBM runs a cost of a data breach report and in this we of a data breach report and in this we of a data breach report and in this we figure out how much it costs when an figure out how much it costs when an figure out how much it costs when an organization has their data breached or has their data compromised.","['every', 'year', 'ibm', 'run', 'cost', 'data', 'breach', 'report', 'data', 'breach', 'report', 'data', 'breach', 'report', 'figure', 'much', 'cost', 'figure', 'much', 'cost', 'figure', 'much', 'cost', 'organization', 'data', 'breached', 'data', 'compromised']"
One of the has their data compromised.,"['one', 'data', 'compromised']"
One of the has their data compromised.,"['one', 'data', 'compromised']"
One of the findings in that report uh justifies what I was saying here.,"['one', 'finding', 'report', 'justifies', 'saying']"
"$670,000 more for organizations that had a data more for organizations that had a data more for organizations that had a data breach and had shadow AI.","['organization', 'data', 'organization', 'data', 'organization', 'data', 'breach', 'shadow']"
So shadow AI breach and had shadow AI.,"['shadow', 'breach', 'shadow']"
So shadow AI breach and had shadow AI.,"['shadow', 'breach', 'shadow']"
So shadow AI contributed to an additional cost whenever a data breach occurred.,"['shadow', 'contributed', 'additional', 'cost', 'whenever', 'data', 'breach', 'occurred']"
So that's a big problem.,"['big', 'problem']"
Uh compounding this is the fact that the cost of a data this is the fact that the cost of a data this is the fact that the cost of a data breach report also found that 60% of breach report also found that 60% of breach report also found that 60% of organizations don't have an AI governance or security policy in place to guard against shadow AI.,"['compounding', 'fact', 'cost', 'data', 'fact', 'cost', 'data', 'fact', 'cost', 'data', 'breach', 'report', 'also', 'found', 'breach', 'report', 'also', 'found', 'breach', 'report', 'also', 'found', 'organization', 'governance', 'security', 'policy', 'place', 'guard', 'shadow']"
So it to guard against shadow AI.,"['guard', 'shadow']"
So it to guard against shadow AI.,"['guard', 'shadow']"
So it already costs more and we don't have the already costs more and we don't have the already costs more and we don't have the guardrails in place to prevent it.,"['already', 'cost', 'already', 'cost', 'already', 'cost', 'guardrail', 'place', 'prevent']"
I guardrails in place to prevent it.,"['guardrail', 'place', 'prevent']"
I guardrails in place to prevent it.,"['guardrail', 'place', 'prevent']"
I think this is going to continue to be an think this is going to continue to be an think this is going to continue to be an issue for us.,"['think', 'going', 'continue', 'think', 'going', 'continue', 'think', 'going', 'continue', 'issue']"
"deep fakes, where you use issue for us.","['deep', 'fake', 'use', 'issue']"
"deep fakes, where you use issue for us.","['deep', 'fake', 'use', 'issue']"
"deep fakes, where you use generative AI to generate pictures, uh, audio, video of another person, maybe real or not real, doing things that they real or not real, doing things that they real or not real, doing things that they never did, saying things they never said, this kind of thing.","['deep', 'fake', 'use', 'generative', 'generate', 'picture', 'audio', 'video', 'another', 'person', 'maybe', 'real', 'real', 'thing', 'real', 'real', 'thing', 'real', 'real', 'thing', 'never', 'saying', 'thing', 'never', 'said', 'kind', 'thing']"
"I I'm said, this kind of thing.","['said', 'kind', 'thing']"
"I I'm said, this kind of thing.","['said', 'kind', 'thing']"
I I'm concerned about this and how it could be concerned about this and how it could be concerned about this and how it could be used.,"['concerned', 'could', 'concerned', 'could', 'concerned', 'could', 'used']"
"It can be used for fun stuff, for used.","['used', 'fun', 'stuff', 'used']"
"It can be used for fun stuff, for used.","['used', 'fun', 'stuff', 'used']"
"It can be used for fun stuff, for entertainment, but misused in terms of cyber attacks.","['used', 'fun', 'stuff', 'entertainment', 'misused', 'term', 'cyber', 'attack']"
"And in particular, we've seen this occur.","['particular', 'seen', 'occur']"
There was one report I seen this occur.,"['one', 'report', 'seen', 'occur']"
There was one report I seen this occur.,"['one', 'report', 'seen', 'occur']"
"There was one report I found where they in uh 2023 they were found where they in uh 2023 they were found where they in uh 2023 they were seeing about 500,000 instances of deep fakes that they were able to catalog and fakes that they were able to catalog and fakes that they were able to catalog and observe.","['one', 'report', 'found', 'found', 'found', 'seeing', 'instance', 'deep', 'fake', 'able', 'catalog', 'fake', 'able', 'catalog', 'fake', 'able', 'catalog', 'observe']"
In 2025 that number moved to 8 observe.,"['number', 'moved', 'observe']"
In 2025 that number moved to 8 observe.,"['number', 'moved', 'observe']"
In 2025 that number moved to 8 million.,"['number', 'moved', 'million']"
So if you're doing the math at million.,"['math', 'million']"
So if you're doing the math at million.,"['math', 'million']"
"So if you're doing the math at home that's a 1,500% increase.","['math', 'home', 'increase']"
"So, uh, I think the prediction increase.","['think', 'prediction', 'increase']"
"So, uh, I think the prediction increase.","['think', 'prediction', 'increase']"
"So, uh, I think the prediction that we would see more deep fakes is that we would see more deep fakes is that we would see more deep fakes is definitely happening and I think we're going to see them become even more going to see them become even more going to see them become even more pervasive as we move forward.","['think', 'prediction', 'would', 'see', 'deep', 'fake', 'would', 'see', 'deep', 'fake', 'would', 'see', 'deep', 'fake', 'definitely', 'happening', 'think', 'going', 'see', 'become', 'even', 'going', 'see', 'become', 'even', 'going', 'see', 'become', 'even', 'pervasive', 'move', 'forward']"
Using AI pervasive as we move forward.,"['using', 'pervasive', 'move', 'forward']"
Using AI pervasive as we move forward.,"['using', 'pervasive', 'move', 'forward']"
Using AI to generate exploits where we find a to generate exploits where we find a to generate exploits where we find a vulnerability and then go to the AI and vulnerability and then go to the AI and vulnerability and then go to the AI and have it generate.,"['using', 'generate', 'exploit', 'find', 'generate', 'exploit', 'find', 'generate', 'exploit', 'find', 'vulnerability', 'vulnerability', 'vulnerability', 'generate']"
"Yes, we've seen that.","['yes', 'seen']"
have it generate.,['generate']
"Yes, we've seen that.","['yes', 'seen']"
have it generate.,['generate']
"Yes, we've seen that.","['yes', 'seen']"
We've seen AI generated malware and that We've seen AI generated malware and that We've seen AI generated malware and that malware is more sophisticated.,"['seen', 'generated', 'malware', 'seen', 'generated', 'malware', 'seen', 'generated', 'malware', 'malware', 'sophisticated']"
"So, one of the things it can be is what we call of the things it can be is what we call of the things it can be is what we call polymorphic.","['one', 'thing', 'call', 'thing', 'call', 'thing', 'call', 'polymorphic']"
Polymorphic malware is stuff that can change over time.,"['polymorphic', 'malware', 'stuff', 'change', 'time']"
"So, stuff that can change over time.","['stuff', 'change', 'time']"
"So, stuff that can change over time.","['stuff', 'change', 'time']"
"So, it's harder to detect, which means uh it's harder to detect, which means uh it's harder to detect, which means uh it's tougher for the bad for the good it's tougher for the bad for the good it's tougher for the bad for the good guys to defend against this.","['harder', 'detect', 'mean', 'harder', 'detect', 'mean', 'harder', 'detect', 'mean', 'tougher', 'bad', 'good', 'tougher', 'bad', 'good', 'tougher', 'bad', 'good', 'guy', 'defend']"
And the bar guys to defend against this.,"['bar', 'guy', 'defend']"
And the bar guys to defend against this.,"['bar', 'guy', 'defend']"
And the bar got lower for the bad guys who are got lower for the bad guys who are got lower for the bad guys who are creating it in the first place.,"['bar', 'got', 'lower', 'bad', 'guy', 'got', 'lower', 'bad', 'guy', 'got', 'lower', 'bad', 'guy', 'creating', 'first', 'place']"
"So, they creating it in the first place.","['creating', 'first', 'place']"
"So, they creating it in the first place.","['creating', 'first', 'place']"
"So, they get more intelligent malware that was easy to create because all they had to easy to create because all they had to easy to create because all they had to do was go to an AI and have it do the do was go to an AI and have it do the do was go to an AI and have it do the work.","['get', 'intelligent', 'malware', 'easy', 'create', 'easy', 'create', 'easy', 'create', 'work']"
And the defense side is actually work.,"['defense', 'side', 'actually', 'work']"
And the defense side is actually work.,"['defense', 'side', 'actually', 'work']"
And the defense side is actually more difficult for us.,"['defense', 'side', 'actually', 'difficult']"
These next two more difficult for us.,"['next', 'two', 'difficult']"
These next two more difficult for us.,"['next', 'two', 'difficult']"
These next two I'm going to take together.,"['next', 'two', 'going', 'take', 'together']"
uh I said I'm going to take together.,"['said', 'going', 'take', 'together']"
uh I said I'm going to take together.,"['said', 'going', 'take', 'together']"
uh I said that AI would increase the attack surface and it definitely has.,"['said', 'would', 'increase', 'attack', 'surface', 'definitely']"
So in surface and it definitely has.,"['surface', 'definitely']"
So in surface and it definitely has.,"['surface', 'definitely']"
"So in this case, I'm talking about organizations that are using AI to advance their business, to do their their goals, to become more productive, those kinds of things.","['case', 'talking', 'organization', 'using', 'advance', 'business', 'goal', 'become', 'productive', 'kind', 'thing']"
And that technology is excellent at doing that.,"['technology', 'excellent']"
But it also becomes another thing that a But it also becomes another thing that a But it also becomes another thing that a person can try to attack.,"['also', 'becomes', 'another', 'thing', 'also', 'becomes', 'another', 'thing', 'also', 'becomes', 'another', 'thing', 'person', 'try', 'attack']"
And that's person can try to attack.,"['person', 'try', 'attack']"
And that's person can try to attack.,"['person', 'try', 'attack']"
And that's what we've seen.,['seen']
"And the organization called OWASP, the Open Worldwide Application Security Project, in 2023 came out with their top 10 list of came out with their top 10 list of came out with their top 10 list of vulnerabilities for large language models.","['organization', 'called', 'owasp', 'open', 'worldwide', 'application', 'security', 'project', 'came', 'top', 'list', 'came', 'top', 'list', 'came', 'top', 'list', 'vulnerability', 'large', 'language', 'model']"
"And on that list, number one was models.","['list', 'number', 'one', 'model']"
"And on that list, number one was models.","['list', 'number', 'one', 'model']"
"And on that list, number one was this guy right here, prompt injection.","['list', 'number', 'one', 'guy', 'right', 'prompt', 'injection']"
Guess what?,['guess']
"In 2025, it was number one again.","['number', 'one']"
So uh the it was number one again.,"['number', 'one']"
So uh the it was number one again.,"['number', 'one']"
So uh the projection that we would continue to see projection that we would continue to see projection that we would continue to see this and in fact I think we'll see it this and in fact I think we'll see it this and in fact I think we'll see it even more going forward uh that has even more going forward uh that has even more going forward uh that has definitely turned out to be true.,"['projection', 'would', 'continue', 'see', 'projection', 'would', 'continue', 'see', 'projection', 'would', 'continue', 'see', 'fact', 'think', 'see', 'fact', 'think', 'see', 'fact', 'think', 'see', 'even', 'going', 'forward', 'even', 'going', 'forward', 'even', 'going', 'forward', 'definitely', 'turned', 'true']"
Now on definitely turned out to be true.,"['definitely', 'turned', 'true']"
Now on definitely turned out to be true.,"['definitely', 'turned', 'true']"
Now on the positive side I didn't want to give the positive side I didn't want to give the positive side I didn't want to give only negatives but I thought we would only negatives but I thought we would only negatives but I thought we would see AI used to improve cyber security in see AI used to improve cyber security in see AI used to improve cyber security in particular to improve our response to incidents to identify issues and respond to those issues.,"['positive', 'side', 'want', 'give', 'positive', 'side', 'want', 'give', 'positive', 'side', 'want', 'give', 'negative', 'thought', 'would', 'negative', 'thought', 'would', 'negative', 'thought', 'would', 'see', 'used', 'improve', 'cyber', 'security', 'see', 'used', 'improve', 'cyber', 'security', 'see', 'used', 'improve', 'cyber', 'security', 'particular', 'improve', 'response', 'incident', 'identify', 'issue', 'respond', 'issue']"
So in fact we've seen to those issues.,"['fact', 'seen', 'issue']"
So in fact we've seen to those issues.,"['fact', 'seen', 'issue']"
So in fact we've seen that occur as well.,"['fact', 'seen', 'occur', 'well']"
"Um, in this case, that occur as well.","['case', 'occur', 'well']"
"Um, in this case, that occur as well.","['case', 'occur', 'well']"
"Um, in this case, we're we're seeing that uh IBM in we're we're seeing that uh IBM in we're we're seeing that uh IBM in particular came out with a product that particular came out with a product that particular came out with a product that basically uses an AI to detect prompt basically uses an AI to detect prompt basically uses an AI to detect prompt injections and defend against those.","['case', 'seeing', 'ibm', 'seeing', 'ibm', 'seeing', 'ibm', 'particular', 'came', 'product', 'particular', 'came', 'product', 'particular', 'came', 'product', 'basically', 'us', 'detect', 'prompt', 'basically', 'us', 'detect', 'prompt', 'basically', 'us', 'detect', 'prompt', 'injection', 'defend']"
"So, it's an AI that's defending and helping it's an AI that's defending and helping it's an AI that's defending and helping against AI based attacks and other things like that.","['defending', 'helping', 'defending', 'helping', 'defending', 'helping', 'based', 'attack', 'thing', 'like']"
We're going to see things like that.,"['going', 'see', 'thing', 'like']"
We're going to see things like that.,"['going', 'see', 'thing', 'like']"
We're going to see more of that as well.,"['going', 'see', 'well']"
We're going to more of that as well.,"['going', 'well']"
We're going to more of that as well.,"['going', 'well']"
We're going to need systems that are adaptable in real need systems that are adaptable in real need systems that are adaptable in real time to the attacks that are changing in time to the attacks that are changing in time to the attacks that are changing in real time and an AI would be a good way real time and an AI would be a good way real time and an AI would be a good way to do that.,"['going', 'need', 'system', 'adaptable', 'real', 'need', 'system', 'adaptable', 'real', 'need', 'system', 'adaptable', 'real', 'time', 'attack', 'changing', 'time', 'attack', 'changing', 'time', 'attack', 'changing', 'real', 'time', 'would', 'good', 'way', 'real', 'time', 'would', 'good', 'way', 'real', 'time', 'would', 'good', 'way']"
So we've already started to do that.,"['already', 'started']"
So we've already started to do that.,"['already', 'started']"
So we've already started to see this being infused into cyber security tools.,"['already', 'started', 'see', 'infused', 'cyber', 'security', 'tool']"
And then the next one security tools.,"['next', 'one', 'security', 'tool']"
And then the next one security tools.,"['next', 'one', 'security', 'tool']"
And then the next one that I'll talk about that's not AI that I'll talk about that's not AI that I'll talk about that's not AI related because not everything is AI but related because not everything is AI but related because not everything is AI but a really important thing coming in the a really important thing coming in the a really important thing coming in the future is quantum computing.,"['next', 'one', 'talk', 'talk', 'talk', 'related', 'everything', 'related', 'everything', 'related', 'everything', 'really', 'important', 'thing', 'coming', 'really', 'important', 'thing', 'coming', 'really', 'important', 'thing', 'coming', 'future', 'quantum', 'computing']"
And quantum computing can solve a lot of problems computing can solve a lot of problems computing can solve a lot of problems for us but it can also create some for us but it can also create some for us but it can also create some headaches for us.,"['quantum', 'computing', 'solve', 'lot', 'problem', 'computing', 'solve', 'lot', 'problem', 'computing', 'solve', 'lot', 'problem', 'also', 'create', 'also', 'create', 'also', 'create', 'headache']"
And one of those is headaches for us.,"['one', 'headache']"
And one of those is headaches for us.,"['one', 'headache']"
And one of those is the fact that at some point it will be the fact that at some point it will be the fact that at some point it will be able to break all of our cryptography.,"['one', 'fact', 'point', 'fact', 'point', 'fact', 'point', 'able', 'break', 'cryptography']"
able to break all of our cryptography.,"['able', 'break', 'cryptography']"
able to break all of our cryptography.,"['able', 'break', 'cryptography']"
"And when it does, we're going to wish And when it does, we're going to wish And when it does, we're going to wish that we had implemented these new post-quantum cryptography algorithms, the things that are quantum safe.","['going', 'wish', 'going', 'wish', 'going', 'wish', 'implemented', 'new', 'post', 'quantum', 'cryptography', 'algorithm', 'thing', 'quantum', 'safe']"
And the things that are quantum safe.,"['thing', 'quantum', 'safe']"
And the things that are quantum safe.,"['thing', 'quantum', 'safe']"
"And I'll talk more about this later in the I'll talk more about this later in the I'll talk more about this later in the video, but I I'll just say what I've video, but I I'll just say what I've video, but I I'll just say what I've seen.","['talk', 'later', 'talk', 'later', 'talk', 'later', 'video', 'say', 'video', 'say', 'video', 'say', 'seen']"
I I projected that we would be of seen.,"['projected', 'would', 'seen']"
I I projected that we would be of seen.,"['projected', 'would', 'seen']"
I I projected that we would be of course closer to the Q day when the course closer to the Q day when the course closer to the Q day when the quantum systems will be able to break.,"['projected', 'would', 'course', 'closer', 'day', 'course', 'closer', 'day', 'course', 'closer', 'day', 'quantum', 'system', 'able', 'break']"
quantum systems will be able to break.,"['quantum', 'system', 'able', 'break']"
quantum systems will be able to break.,"['quantum', 'system', 'able', 'break']"
"We don't know when we're going to hit We don't know when we're going to hit We don't know when we're going to hit that yet, but it's coming.","['know', 'going', 'hit', 'know', 'going', 'hit', 'know', 'going', 'hit', 'yet', 'coming']"
"But with that yet, but it's coming.","['yet', 'coming']"
"But with that yet, but it's coming.","['yet', 'coming']"
"But with quantum safe, what I have observed is as quantum safe, what I have observed is as quantum safe, what I have observed is as we move throughout the year in 2025, the we move throughout the year in 2025, the we move throughout the year in 2025, the level of interest in this topic has level of interest in this topic has level of interest in this topic has increased and that's good because there needs to be a widespread awareness of needs to be a widespread awareness of needs to be a widespread awareness of this uh impending threat that we have.","['quantum', 'safe', 'observed', 'quantum', 'safe', 'observed', 'quantum', 'safe', 'observed', 'move', 'throughout', 'year', 'move', 'throughout', 'year', 'move', 'throughout', 'year', 'level', 'interest', 'topic', 'level', 'interest', 'topic', 'level', 'interest', 'topic', 'increased', 'good', 'need', 'widespread', 'awareness', 'need', 'widespread', 'awareness', 'need', 'widespread', 'awareness', 'impending', 'threat']"
this uh impending threat that we have.,"['impending', 'threat']"
this uh impending threat that we have.,"['impending', 'threat']"
"But on the downside, well, I haven't But on the downside, well, I haven't But on the downside, well, I haven't seen so much yet in terms of seen so much yet in terms of seen so much yet in terms of deployments.","['downside', 'well', 'downside', 'well', 'downside', 'well', 'seen', 'much', 'yet', 'term', 'seen', 'much', 'yet', 'term', 'seen', 'much', 'yet', 'term', 'deployment']"
"Some people are doing it, but not nearly enough.","['people', 'nearly', 'enough']"
And the clock is but not nearly enough.,"['clock', 'nearly', 'enough']"
And the clock is but not nearly enough.,"['clock', 'nearly', 'enough']"
And the clock is ticking already on what we're going to ticking already on what we're going to ticking already on what we're going to have to do in order to address those have to do in order to address those have to do in order to address those particular threats.,"['clock', 'ticking', 'already', 'going', 'ticking', 'already', 'going', 'ticking', 'already', 'going', 'order', 'address', 'order', 'address', 'order', 'address', 'particular', 'threat']"
"Okay, but I didn't hit on everything.","['okay', 'hit', 'everything']"
I knew agents were hit on everything.,"['knew', 'agent', 'hit', 'everything']"
I knew agents were hit on everything.,"['knew', 'agent', 'hit', 'everything']"
"I knew agents were coming, just not this fast.","['knew', 'agent', 'coming', 'fast']"
Silly me.,['silly']
"coming, just not this fast.","['coming', 'fast']"
Silly me.,['silly']
"coming, just not this fast.","['coming', 'fast']"
Silly me.,['silly']
I'm here thinking that giving autonomy to hallucinating AIS was not quite ready to hallucinating AIS was not quite ready to hallucinating AIS was not quite ready for prime time.,"['thinking', 'giving', 'autonomy', 'hallucinating', 'ai', 'quite', 'ready', 'hallucinating', 'ai', 'quite', 'ready', 'hallucinating', 'ai', 'quite', 'ready', 'prime', 'time']"
"Everyone else disagreed and said, ""What could possibly go wrong?"" Well, okay.","['everyone', 'else', 'disagreed', 'said', 'could', 'possibly', 'wrong', 'well', 'okay']"
"So, fasten your seat wrong?"" Well, okay.","['fasten', 'seat', 'wrong', 'well', 'okay']"
"So, fasten your seat wrong?"" Well, okay.","['fasten', 'seat', 'wrong', 'well', 'okay']"
"So, fasten your seat belts and off we go.","['fasten', 'seat', 'belt']"
All right.,['right']
"So, I'm belts and off we go.",['belt']
All right.,['right']
"So, I'm belts and off we go.",['belt']
All right.,['right']
"So, I'm not missing on agents two years in a not missing on agents two years in a not missing on agents two years in a row.","['missing', 'agent', 'two', 'year', 'missing', 'agent', 'two', 'year', 'missing', 'agent', 'two', 'year', 'row']"
I knew they were coming.,"['knew', 'coming']"
I just row.,['row']
I knew they were coming.,"['knew', 'coming']"
I just row.,['row']
I knew they were coming.,"['knew', 'coming']"
"I just didn't know they were coming so fast, didn't know they were coming so fast, didn't know they were coming so fast, but I'm going to make a lot of but I'm going to make a lot of but I'm going to make a lot of predictions about agents this year because they have really taken off.","['know', 'coming', 'fast', 'know', 'coming', 'fast', 'know', 'coming', 'fast', 'going', 'make', 'lot', 'going', 'make', 'lot', 'going', 'make', 'lot', 'prediction', 'agent', 'year', 'really', 'taken']"
And because they have really taken off.,"['really', 'taken']"
And because they have really taken off.,"['really', 'taken']"
And there two different categories.,"['two', 'different', 'category']"
"The way I'm going to look at this, one is I'm going to look at this, one is I'm going to look at this, one is attacks on agents and another is attacks on agents and another is attacks on agents and another is attacks by agents.","['way', 'going', 'look', 'one', 'going', 'look', 'one', 'going', 'look', 'one', 'attack', 'agent', 'another', 'attack', 'agent', 'another', 'attack', 'agent', 'another', 'attack', 'agent']"
"So, we're going to see both by agents.","['going', 'see', 'agent']"
"So, we're going to see both by agents.","['going', 'see', 'agent']"
"So, we're going to see both of these.","['going', 'see']"
We've already begun to see of these.,"['already', 'begun', 'see']"
We've already begun to see of these.,"['already', 'begun', 'see']"
We've already begun to see some of these things.,"['already', 'begun', 'see', 'thing']"
So the prediction some of these things.,"['prediction', 'thing']"
So the prediction some of these things.,"['prediction', 'thing']"
So the prediction is we're going to see these things is we're going to see these things is we're going to see these things continue and increase.,"['prediction', 'going', 'see', 'thing', 'going', 'see', 'thing', 'going', 'see', 'thing', 'continue', 'increase']"
"So for instance, attacks on agents.","['instance', 'attack', 'agent']"
The first thing is to attacks on agents.,"['first', 'thing', 'attack', 'agent']"
The first thing is to attacks on agents.,"['first', 'thing', 'attack', 'agent']"
The first thing is to think about what does an agent do for think about what does an agent do for think about what does an agent do for me?,"['first', 'thing', 'think', 'agent', 'think', 'agent', 'think', 'agent']"
"Well, an agent is an autonomous AI me?","['well', 'agent', 'autonomous']"
"Well, an agent is an autonomous AI me?","['well', 'agent', 'autonomous']"
"Well, an agent is an autonomous AI that you give it goals and it goes off that you give it goals and it goes off that you give it goals and it goes off and does the things you want it to do.","['well', 'agent', 'autonomous', 'give', 'goal', 'go', 'give', 'goal', 'go', 'give', 'goal', 'go', 'thing', 'want']"
and does the things you want it to do.,"['thing', 'want']"
and does the things you want it to do.,"['thing', 'want']"
So it's a productivity amplifier if it's So it's a productivity amplifier if it's So it's a productivity amplifier if it's running properly.,"['productivity', 'amplifier', 'productivity', 'amplifier', 'productivity', 'amplifier', 'running', 'properly']"
Guess what else it is?,"['guess', 'else']"
running properly.,"['running', 'properly']"
Guess what else it is?,"['guess', 'else']"
running properly.,"['running', 'properly']"
Guess what else it is?,"['guess', 'else']"
"It's a risk amplifier because if someone is able to hijack because if someone is able to hijack because if someone is able to hijack that agent, then it will do something that agent, then it will do something that agent, then it will do something bad that you didn't intend but do it at bad that you didn't intend but do it at bad that you didn't intend but do it at light speed.","['risk', 'amplifier', 'someone', 'able', 'hijack', 'someone', 'able', 'hijack', 'someone', 'able', 'hijack', 'agent', 'something', 'agent', 'something', 'agent', 'something', 'bad', 'intend', 'bad', 'intend', 'bad', 'intend', 'light', 'speed']"
"So, it will do it much light speed.","['much', 'light', 'speed']"
"So, it will do it much light speed.","['much', 'light', 'speed']"
"So, it will do it much faster than a person would be able to faster than a person would be able to faster than a person would be able to do.","['much', 'faster', 'person', 'would', 'able', 'faster', 'person', 'would', 'able', 'faster', 'person', 'would', 'able']"
"So, it is amplifying risk.","['amplifying', 'risk']"
And if it do.,[]
"So, it is amplifying risk.","['amplifying', 'risk']"
And if it do.,[]
"So, it is amplifying risk.","['amplifying', 'risk']"
"And if it has the ability to access all the kinds has the ability to access all the kinds has the ability to access all the kinds of tools that we want it to do in order of tools that we want it to do in order of tools that we want it to do in order to be really effective, then it's going to be really effective, then it's going to be really effective, then it's going to increase risk there as well.","['ability', 'access', 'kind', 'ability', 'access', 'kind', 'ability', 'access', 'kind', 'tool', 'want', 'order', 'tool', 'want', 'order', 'tool', 'want', 'order', 'really', 'effective', 'going', 'really', 'effective', 'going', 'really', 'effective', 'going', 'increase', 'risk', 'well']"
uh when to increase risk there as well.,"['increase', 'risk', 'well']"
uh when to increase risk there as well.,"['increase', 'risk', 'well']"
uh when and I did a video on this particular and I did a video on this particular and I did a video on this particular topic and uh about zeroclick attacks where someone maybe sends in an email where someone maybe sends in an email where someone maybe sends in an email with a prompt injection uh directly in with a prompt injection uh directly in with a prompt injection uh directly in the email.,"['video', 'particular', 'video', 'particular', 'video', 'particular', 'topic', 'zeroclick', 'attack', 'someone', 'maybe', 'sends', 'email', 'someone', 'maybe', 'sends', 'email', 'someone', 'maybe', 'sends', 'email', 'prompt', 'injection', 'directly', 'prompt', 'injection', 'directly', 'prompt', 'injection', 'directly', 'email']"
So we call this an indirect the email.,"['call', 'indirect', 'email']"
So we call this an indirect the email.,"['call', 'indirect', 'email']"
So we call this an indirect prompt injection.,"['call', 'indirect', 'prompt', 'injection']"
Your agent comes along and reads it in order to summarize it and reads it in order to summarize it and reads it in order to summarize it and then follows the instructions that are in the prompt injection and exfiltrates data out of your environment.,"['agent', 'come', 'along', 'read', 'order', 'summarize', 'read', 'order', 'summarize', 'read', 'order', 'summarize', 'follows', 'instruction', 'prompt', 'injection', 'exfiltrates', 'data', 'environment']"
Zero click because the user never touched it.,"['zero', 'click', 'user', 'never', 'touched']"
The user might not never touched it.,"['user', 'might', 'never', 'touched']"
The user might not never touched it.,"['user', 'might', 'never', 'touched']"
The user might not even even been in the office that day.,"['user', 'might', 'even', 'even', 'office', 'day']"
even even been in the office that day.,"['even', 'even', 'office', 'day']"
even even been in the office that day.,"['even', 'even', 'office', 'day']"
So that's another issue because the agent is processing a lot of these agent is processing a lot of these agent is processing a lot of these things.,"['another', 'issue', 'agent', 'processing', 'lot', 'agent', 'processing', 'lot', 'agent', 'processing', 'lot', 'thing']"
So it doesn't even require user things.,"['even', 'require', 'user', 'thing']"
So it doesn't even require user things.,"['even', 'require', 'user', 'thing']"
So it doesn't even require user intervention.,"['even', 'require', 'user', 'intervention']"
Another thing we're going to see is an increase in nonhuman to see is an increase in nonhuman to see is an increase in nonhuman identities.,"['another', 'thing', 'going', 'see', 'increase', 'nonhuman', 'see', 'increase', 'nonhuman', 'see', 'increase', 'nonhuman', 'identity']"
"Non-human identities meaning all these agents that are out there, all these agents that are out there, all these agents that are out there, they need certain levels of privilege and they need certain levels of access.","['non', 'human', 'identity', 'meaning', 'agent', 'agent', 'agent', 'need', 'certain', 'level', 'privilege', 'need', 'certain', 'level', 'access']"
and they need certain levels of access.,"['need', 'certain', 'level', 'access']"
and they need certain levels of access.,"['need', 'certain', 'level', 'access']"
"And that means I need to have them run And that means I need to have them run And that means I need to have them run under particular accounts under identities, but they're not really associated with a particular person.","['mean', 'need', 'run', 'mean', 'need', 'run', 'mean', 'need', 'run', 'particular', 'account', 'identity', 'really', 'associated', 'particular', 'person']"
"In fact, agents can spawn and create other fact, agents can spawn and create other fact, agents can spawn and create other agents.","['fact', 'agent', 'spawn', 'create', 'fact', 'agent', 'spawn', 'create', 'fact', 'agent', 'spawn', 'create', 'agent']"
So now we have more and more agents.,['agent']
So now we have more and more agents.,['agent']
So now we have more and more identities that need to be managed.,"['identity', 'need', 'managed']"
That's increasing the risk surface.,"['increasing', 'risk', 'surface']"
"Uh and as a result, attacks on these things and as a result, attacks on these things and as a result, attacks on these things will attack here as well.","['result', 'attack', 'thing', 'result', 'attack', 'thing', 'result', 'attack', 'thing', 'attack', 'well']"
Sometimes a will attack here as well.,"['sometimes', 'attack', 'well']"
Sometimes a will attack here as well.,"['sometimes', 'attack', 'well']"
"Sometimes a user may say, ""Well, I'm just going to user may say, ""Well, I'm just going to user may say, ""Well, I'm just going to have this agent operate under the same have this agent operate under the same have this agent operate under the same privilege that I have."" Well, that sounds like a good idea, but here's the sounds like a good idea, but here's the sounds like a good idea, but here's the issue.","['sometimes', 'user', 'may', 'say', 'well', 'going', 'user', 'may', 'say', 'well', 'going', 'user', 'may', 'say', 'well', 'going', 'agent', 'operate', 'agent', 'operate', 'agent', 'operate', 'privilege', 'well', 'sound', 'like', 'good', 'idea', 'sound', 'like', 'good', 'idea', 'sound', 'like', 'good', 'idea', 'issue']"
You might not do a certain set of issue.,"['might', 'certain', 'set', 'issue']"
You might not do a certain set of issue.,"['might', 'certain', 'set', 'issue']"
"You might not do a certain set of things or you might do one or two of things or you might do one or two of things or you might do one or two of them, but your agent now is running at them, but your agent now is running at them, but your agent now is running at light speed and it does it 10,000 in a light speed and it does it 10,000 in a light speed and it does it 10,000 in a minute.","['might', 'certain', 'set', 'thing', 'might', 'one', 'two', 'thing', 'might', 'one', 'two', 'thing', 'might', 'one', 'two', 'agent', 'running', 'agent', 'running', 'agent', 'running', 'light', 'speed', 'light', 'speed', 'light', 'speed', 'minute']"
"So, again, the risk becomes much minute.","['risk', 'becomes', 'much', 'minute']"
"So, again, the risk becomes much minute.","['risk', 'becomes', 'much', 'minute']"
"So, again, the risk becomes much greater.","['risk', 'becomes', 'much', 'greater']"
"Also, agents could have situations where they have privilege escalation, where they get more access than they should have if we're not than they should have if we're not than they should have if we're not really careful, or excessive uh uh access to systems.","['also', 'agent', 'could', 'situation', 'privilege', 'escalation', 'get', 'access', 'really', 'careful', 'excessive', 'access', 'system']"
"So, these are the access to systems.","['access', 'system']"
"So, these are the access to systems.","['access', 'system']"
"So, these are the kinds of things we have to be worried kinds of things we have to be worried kinds of things we have to be worried about as we're deploying agents.","['kind', 'thing', 'worried', 'kind', 'thing', 'worried', 'kind', 'thing', 'worried', 'deploying', 'agent']"
"Not that we shouldn't do agents, we absolutely should, but do them with your absolutely should, but do them with your absolutely should, but do them with your eyes wide open and understand what some eyes wide open and understand what some eyes wide open and understand what some of those risks could be.","['agent', 'absolutely', 'absolutely', 'absolutely', 'eye', 'wide', 'open', 'understand', 'eye', 'wide', 'open', 'understand', 'eye', 'wide', 'open', 'understand', 'risk', 'could']"
Now over here of those risks could be.,"['risk', 'could']"
Now over here of those risks could be.,"['risk', 'could']"
"Now over here on the other side, how about agents on the other side, how about agents on the other side, how about agents being used by the bad guys?","['side', 'agent', 'side', 'agent', 'side', 'agent', 'used', 'bad', 'guy']"
I was just being used by the bad guys?,"['used', 'bad', 'guy']"
I was just being used by the bad guys?,"['used', 'bad', 'guy']"
I was just talking about using agents for the good talking about using agents for the good talking about using agents for the good guys to for us to do our business.,"['talking', 'using', 'agent', 'good', 'talking', 'using', 'agent', 'good', 'talking', 'using', 'agent', 'good', 'guy', 'business']"
How guys to for us to do our business.,"['guy', 'business']"
How guys to for us to do our business.,"['guy', 'business']"
How are the bad guys going to use this?,"['bad', 'guy', 'going', 'use']"
are the bad guys going to use this?,"['bad', 'guy', 'going', 'use']"
are the bad guys going to use this?,"['bad', 'guy', 'going', 'use']"
"Well, this is attacks by agents on us.","['well', 'attack', 'agent']"
"Well, this is attacks by agents on us.","['well', 'attack', 'agent']"
"Well, this is attacks by agents on us.","['well', 'attack', 'agent']"
"Well, one set of these that we've Well, one set of these that we've Well, one set of these that we've already seen are fishing attacks.","['well', 'one', 'set', 'well', 'one', 'set', 'well', 'one', 'set', 'already', 'seen', 'fishing', 'attack']"
"So, fishing attacks get even more amped up fishing attacks get even more amped up fishing attacks get even more amped up when we start using agents to do the when we start using agents to do the when we start using agents to do the work.","['fishing', 'attack', 'get', 'even', 'amped', 'fishing', 'attack', 'get', 'even', 'amped', 'fishing', 'attack', 'get', 'even', 'amped', 'start', 'using', 'agent', 'start', 'using', 'agent', 'start', 'using', 'agent', 'work']"
the fishing agent can go craft a work.,"['fishing', 'agent', 'craft', 'work']"
the fishing agent can go craft a work.,"['fishing', 'agent', 'craft', 'work']"
"the fishing agent can go craft a very special email that is personalized just for you, hyperpersonalized.","['fishing', 'agent', 'craft', 'special', 'email', 'personalized', 'hyperpersonalized']"
"So, you are more likely to fall for the So, you are more likely to fall for the So, you are more likely to fall for the clickbait that it's trying to get you to clickbait that it's trying to get you to clickbait that it's trying to get you to to follow than you would just a to follow than you would just a to follow than you would just a conventional one.","['likely', 'fall', 'likely', 'fall', 'likely', 'fall', 'clickbait', 'trying', 'get', 'clickbait', 'trying', 'get', 'clickbait', 'trying', 'get', 'follow', 'would', 'follow', 'would', 'follow', 'would', 'conventional', 'one']"
"And again, this can all be automated through an agent.","['automated', 'agent']"
"Another one is malware, which I already Another one is malware, which I already Another one is malware, which I already mentioned that we've been seeing uh already.","['another', 'one', 'malware', 'already', 'another', 'one', 'malware', 'already', 'another', 'one', 'malware', 'already', 'mentioned', 'seeing', 'already']"
How about this?,[]
The malware is already.,"['malware', 'already']"
How about this?,[]
The malware is already.,"['malware', 'already']"
How about this?,[]
"The malware is not only smarter, it's polymorphic, therefore it's harder to to detect because it's changing itself over time.","['malware', 'smarter', 'polymorphic', 'therefore', 'harder', 'detect', 'changing', 'time']"
It's changing its behaviors.,"['changing', 'behavior']"
It's changing with the signature that we would look for with it.,"['changing', 'signature', 'would', 'look']"
But we could would look for with it.,"['could', 'would', 'look']"
But we could would look for with it.,"['could', 'would', 'look']"
"But we could again just have a bad guy go into an AI again just have a bad guy go into an AI again just have a bad guy go into an AI and say, ""I want you to start creating and say, ""I want you to start creating and say, ""I want you to start creating different kinds of malware samples, throw them all out into the world, and throw them all out into the world, and throw them all out into the world, and we'll see which ones stick."" Now, that we'll see which ones stick."" Now, that we'll see which ones stick."" Now, that would be a lot of work if you're a would be a lot of work if you're a would be a lot of work if you're a person doing all of that.","['could', 'bad', 'guy', 'bad', 'guy', 'bad', 'guy', 'say', 'want', 'start', 'creating', 'say', 'want', 'start', 'creating', 'say', 'want', 'start', 'creating', 'different', 'kind', 'malware', 'sample', 'throw', 'world', 'throw', 'world', 'throw', 'world', 'see', 'one', 'stick', 'see', 'one', 'stick', 'see', 'one', 'stick', 'would', 'lot', 'work', 'would', 'lot', 'work', 'would', 'lot', 'work', 'person']"
It's not a lot person doing all of that.,"['lot', 'person']"
It's not a lot person doing all of that.,"['lot', 'person']"
It's not a lot of work if you're an agent.,"['lot', 'work', 'agent']"
You can just of work if you're an agent.,"['work', 'agent']"
You can just of work if you're an agent.,"['work', 'agent']"
You can just go out and try a whole bunch of go out and try a whole bunch of go out and try a whole bunch of different options.,"['try', 'whole', 'bunch', 'try', 'whole', 'bunch', 'try', 'whole', 'bunch', 'different', 'option']"
"The ones that don't work, you just discard.","['one', 'work', 'discard']"
"Uh ransomware is work, you just discard.","['ransomware', 'work', 'discard']"
"Uh ransomware is work, you just discard.","['ransomware', 'work', 'discard']"
Uh ransomware is also going to have uh and we've already also going to have uh and we've already also going to have uh and we've already seen some indication of this where a the seen some indication of this where a the seen some indication of this where a the entire ransomware attack chain is being automated where it's writing the the ransomware.,"['ransomware', 'also', 'going', 'already', 'also', 'going', 'already', 'also', 'going', 'already', 'seen', 'indication', 'seen', 'indication', 'seen', 'indication', 'entire', 'ransomware', 'attack', 'chain', 'automated', 'writing', 'ransomware']"
It's writing the email that tells the person and what they're going tells the person and what they're going tells the person and what they're going to do.,"['writing', 'email', 'tell', 'person', 'going', 'tell', 'person', 'going', 'tell', 'person', 'going']"
It's writing the exploit that's to do.,"['writing', 'exploit']"
It's writing the exploit that's to do.,"['writing', 'exploit']"
It's writing the exploit that's going to go encrypt all the data or going to go encrypt all the data or going to go encrypt all the data or steal the data.,"['writing', 'exploit', 'going', 'encrypt', 'data', 'going', 'encrypt', 'data', 'going', 'encrypt', 'data', 'steal', 'data']"
and it's collecting the steal the data.,"['collecting', 'steal', 'data']"
and it's collecting the steal the data.,"['collecting', 'steal', 'data']"
and it's collecting the ransom.,"['collecting', 'ransom']"
"So, it's even telling the instructions and doing the collections.","['even', 'telling', 'instruction', 'collection']"
The whole system being automated through an agent.,"['whole', 'system', 'automated', 'agent']"
"So, again, the attacker skill an agent.","['attacker', 'skill', 'agent']"
"So, again, the attacker skill an agent.","['attacker', 'skill', 'agent']"
"So, again, the attacker skill level keeps going down, but the effectiveness keeps going up.","['attacker', 'skill', 'level', 'keep', 'going', 'effectiveness', 'keep', 'going']"
Another thing that we could see here is thing that we could see here is thing that we could see here is automating the entire kill chain.,"['another', 'thing', 'could', 'see', 'thing', 'could', 'see', 'thing', 'could', 'see', 'automating', 'entire', 'kill', 'chain']"
"And this is where I I've alluded to it And this is where I I've alluded to it And this is where I I've alluded to it in some of these others, but it's going in some of these others, but it's going in some of these others, but it's going to be even more where we've got the AI to be even more where we've got the AI to be even more where we've got the AI agent is figuring out which targets it agent is figuring out which targets it agent is figuring out which targets it wants to hit.","['alluded', 'alluded', 'alluded', 'others', 'going', 'others', 'going', 'others', 'going', 'even', 'got', 'even', 'got', 'even', 'got', 'agent', 'figuring', 'target', 'agent', 'figuring', 'target', 'agent', 'figuring', 'target', 'want', 'hit']"
It's evaluating them.,['evaluating']
It's wants to hit.,"['want', 'hit']"
It's evaluating them.,['evaluating']
It's wants to hit.,"['want', 'hit']"
It's evaluating them.,['evaluating']
It's doing reconnaissance on them.,['reconnaissance']
It's probing them and finding their vulnerabilities.,"['probing', 'finding', 'vulnerability']"
It's building the exploits.,"['building', 'exploit']"
It's running the exploits.,"['running', 'exploit']"
"It's then collecting all the information, stealing the data.","['collecting', 'information', 'stealing', 'data']"
It's doing all of this.,[]
"So, it is literally doing all of this.",['literally']
"So, it is literally doing all of this.",['literally']
"So, it is literally just a click here to hack situation and just a click here to hack situation and just a click here to hack situation and the agent handles all the work.","['literally', 'click', 'hack', 'situation', 'click', 'hack', 'situation', 'click', 'hack', 'situation', 'agent', 'handle', 'work']"
This the agent handles all the work.,"['agent', 'handle', 'work']"
This the agent handles all the work.,"['agent', 'handle', 'work']"
This we're already beginning to see signs that this is possible.,"['already', 'beginning', 'see', 'sign', 'possible']"
"So, I expect that this is possible.","['expect', 'possible']"
"So, I expect that this is possible.","['expect', 'possible']"
"So, I expect you're going to see more of it.","['expect', 'going', 'see']"
Another you're going to see more of it.,"['another', 'going', 'see']"
Another you're going to see more of it.,"['another', 'going', 'see']"
Another thing I think we'll see an increase on thing I think we'll see an increase on thing I think we'll see an increase on is social engineering.,"['another', 'thing', 'think', 'see', 'increase', 'thing', 'think', 'see', 'increase', 'thing', 'think', 'see', 'increase', 'social', 'engineering']"
Social engineering is where you try to Social engineering is where you try to Social engineering is where you try to uh fake someone into doing something that they really shouldn't do.,"['social', 'engineering', 'try', 'social', 'engineering', 'try', 'social', 'engineering', 'try', 'fake', 'someone', 'something', 'really']"
"They should know better than to do, but should know better than to do, but should know better than to do, but they're they're going to do it anyway.","['know', 'better', 'know', 'better', 'know', 'better', 'going', 'anyway']"
they're they're going to do it anyway.,"['going', 'anyway']"
they're they're going to do it anyway.,"['going', 'anyway']"
"And in a social engineering attack, if I And in a social engineering attack, if I And in a social engineering attack, if I have deep fake information or if I have deep fake information or if I have deep fake information or if I have other information that I used my agent other information that I used my agent other information that I used my agent to gather about you, it's going to be to gather about you, it's going to be to gather about you, it's going to be even more convincing.","['social', 'engineering', 'attack', 'social', 'engineering', 'attack', 'social', 'engineering', 'attack', 'deep', 'fake', 'information', 'deep', 'fake', 'information', 'deep', 'fake', 'information', 'information', 'used', 'agent', 'information', 'used', 'agent', 'information', 'used', 'agent', 'gather', 'going', 'gather', 'going', 'gather', 'going', 'even', 'convincing']"
"So, we need to to even more convincing.","['need', 'even', 'convincing']"
"So, we need to to even more convincing.","['need', 'even', 'convincing']"
"So, we need to to see what kinds of things we can do uh in see what kinds of things we can do uh in see what kinds of things we can do uh in order to to block these types of social order to to block these types of social order to to block these types of social engineering attacks.","['need', 'see', 'kind', 'thing', 'see', 'kind', 'thing', 'see', 'kind', 'thing', 'order', 'block', 'type', 'social', 'order', 'block', 'type', 'social', 'order', 'block', 'type', 'social', 'engineering', 'attack']"
"And again, this is all coming from deep fakes.","['coming', 'deep', 'fake']"
"So, uh let's all coming from deep fakes.","['let', 'coming', 'deep', 'fake']"
"So, uh let's all coming from deep fakes.","['let', 'coming', 'deep', 'fake']"
"So, uh let's go ahead and add that as something go ahead and add that as something go ahead and add that as something that's going to, I think, continue to that's going to, I think, continue to that's going to, I think, continue to increase.","['let', 'ahead', 'add', 'something', 'ahead', 'add', 'something', 'ahead', 'add', 'something', 'going', 'think', 'continue', 'going', 'think', 'continue', 'going', 'think', 'continue', 'increase']"
deep fakes will keep getting better.,"['deep', 'fake', 'keep', 'getting', 'better']"
"Um, the people that are trying better.","['people', 'trying', 'better']"
"Um, the people that are trying better.","['people', 'trying', 'better']"
"Um, the people that are trying to invest a lot of time into doing deep to invest a lot of time into doing deep to invest a lot of time into doing deep fake detection, don't bother because deep fakes keep keep getting better.","['people', 'trying', 'invest', 'lot', 'time', 'deep', 'invest', 'lot', 'time', 'deep', 'invest', 'lot', 'time', 'deep', 'fake', 'detection', 'bother', 'deep', 'fake', 'keep', 'keep', 'getting', 'better']"
The deep fakes keep keep getting better.,"['deep', 'fake', 'keep', 'keep', 'getting', 'better']"
The deep fakes keep keep getting better.,"['deep', 'fake', 'keep', 'keep', 'getting', 'better']"
The detectors will not be able to keep up.,"['detector', 'able', 'keep']"
detectors will not be able to keep up.,"['detector', 'able', 'keep']"
detectors will not be able to keep up.,"['detector', 'able', 'keep']"
"So, deep fakes are something we're going So, deep fakes are something we're going So, deep fakes are something we're going to have to accept and we're going to have to accept and we're going to have to accept and we're going to have to train people to expect them and have to train people to expect them and have to train people to expect them and not be looking to recognize them, but not be looking to recognize them, but not be looking to recognize them, but think about what the deep fake is asking think about what the deep fake is asking think about what the deep fake is asking them to do.","['deep', 'fake', 'something', 'going', 'deep', 'fake', 'something', 'going', 'deep', 'fake', 'something', 'going', 'accept', 'going', 'accept', 'going', 'accept', 'going', 'train', 'people', 'expect', 'train', 'people', 'expect', 'train', 'people', 'expect', 'looking', 'recognize', 'looking', 'recognize', 'looking', 'recognize', 'think', 'deep', 'fake', 'asking', 'think', 'deep', 'fake', 'asking', 'think', 'deep', 'fake', 'asking']"
"Now, another area that's not them to do.","['another', 'area']"
"Now, another area that's not them to do.","['another', 'area']"
"Now, another area that's not specifically related to agents, but I think is a pretty easy prediction is think is a pretty easy prediction is think is a pretty easy prediction is that we're going to see AI increase.","['another', 'area', 'specifically', 'related', 'agent', 'think', 'pretty', 'easy', 'prediction', 'think', 'pretty', 'easy', 'prediction', 'think', 'pretty', 'easy', 'prediction', 'going', 'see', 'increase']"
AI that we're going to see AI increase.,"['going', 'see', 'increase']"
AI that we're going to see AI increase.,"['going', 'see', 'increase']"
AI is going to increase though in some very is going to increase though in some very is going to increase though in some very predictable places and some not so predictable.,"['going', 'increase', 'though', 'going', 'increase', 'though', 'going', 'increase', 'though', 'predictable', 'place', 'predictable']"
One of my side hustles is predictable.,"['one', 'side', 'hustle', 'predictable']"
One of my side hustles is predictable.,"['one', 'side', 'hustle', 'predictable']"
One of my side hustles is as a as an adjunct professor at NC State as a as an adjunct professor at NC State as a as an adjunct professor at NC State University.,"['one', 'side', 'hustle', 'adjunct', 'professor', 'state', 'adjunct', 'professor', 'state', 'adjunct', 'professor', 'state', 'university']"
So I when I first saw what University.,"['first', 'saw', 'university']"
So I when I first saw what University.,"['first', 'saw', 'university']"
So I when I first saw what uh the capabilities of generative AI and uh the capabilities of generative AI and uh the capabilities of generative AI and chat bots could be my first reaction chat bots could be my first reaction chat bots could be my first reaction like most people in the education area like most people in the education area like most people in the education area was okay we need to outlaw this.,"['first', 'saw', 'capability', 'generative', 'capability', 'generative', 'capability', 'generative', 'chat', 'bot', 'could', 'first', 'reaction', 'chat', 'bot', 'could', 'first', 'reaction', 'chat', 'bot', 'could', 'first', 'reaction', 'like', 'people', 'education', 'area', 'like', 'people', 'education', 'area', 'like', 'people', 'education', 'area', 'okay', 'need', 'outlaw']"
We need was okay we need to outlaw this.,"['need', 'okay', 'need', 'outlaw']"
We need was okay we need to outlaw this.,"['need', 'okay', 'need', 'outlaw']"
We need to put detection in.,"['need', 'put', 'detection']"
We need to make to put detection in.,"['need', 'make', 'put', 'detection']"
We need to make to put detection in.,"['need', 'make', 'put', 'detection']"
We need to make sure students are still writing their papers and they're not just getting GPT papers and they're not just getting GPT papers and they're not just getting GPT output or whatever or something like that.,"['need', 'make', 'sure', 'student', 'still', 'writing', 'paper', 'getting', 'gpt', 'paper', 'getting', 'gpt', 'paper', 'getting', 'gpt', 'output', 'whatever', 'something', 'like']"
I think there's going to be a that.,"['think', 'going']"
I think there's going to be a that.,"['think', 'going']"
I think there's going to be a change and I did a video on this uh that change and I did a video on this uh that change and I did a video on this uh that will be coming out on the future of will be coming out on the future of will be coming out on the future of education based upon AI.,"['think', 'going', 'change', 'video', 'change', 'video', 'change', 'video', 'coming', 'future', 'coming', 'future', 'coming', 'future', 'education', 'based', 'upon']"
AI in the education based upon AI.,"['education', 'based', 'upon']"
AI in the education based upon AI.,"['education', 'based', 'upon']"
"AI in the future of education, education, the whole industry is going to have to whole industry is going to have to whole industry is going to have to embrace AI instead of fighting it.","['future', 'education', 'education', 'whole', 'industry', 'going', 'whole', 'industry', 'going', 'whole', 'industry', 'going', 'embrace', 'instead', 'fighting']"
It's embrace AI instead of fighting it.,"['embrace', 'instead', 'fighting']"
It's embrace AI instead of fighting it.,"['embrace', 'instead', 'fighting']"
It's not going to work for us to say just not going to work for us to say just not going to work for us to say just keep it out of the classroom.,"['going', 'work', 'say', 'going', 'work', 'say', 'going', 'work', 'say', 'keep', 'classroom']"
Nobody is keep it out of the classroom.,"['nobody', 'keep', 'classroom']"
Nobody is keep it out of the classroom.,"['nobody', 'keep', 'classroom']"
"Nobody is going to, your boss is not going to come going to, your boss is not going to come going to, your boss is not going to come to you in the future and say, I want you to you in the future and say, I want you to you in the future and say, I want you to accomplish this, this, and this, and to accomplish this, this, and this, and to accomplish this, this, and this, and don't use AI while you're doing it.","['nobody', 'going', 'bos', 'going', 'come', 'going', 'bos', 'going', 'come', 'going', 'bos', 'going', 'come', 'future', 'say', 'want', 'future', 'say', 'want', 'future', 'say', 'want', 'accomplish', 'accomplish', 'accomplish', 'use']"
don't use AI while you're doing it.,['use']
don't use AI while you're doing it.,['use']
Okay?,['okay']
If that's what the workplace is Okay?,"['workplace', 'okay']"
If that's what the workplace is Okay?,"['workplace', 'okay']"
"If that's what the workplace is going to require, then that's what we going to require, then that's what we going to require, then that's what we need to be training students to do.","['workplace', 'going', 'require', 'going', 'require', 'going', 'require', 'need', 'training', 'student']"
"So, need to be training students to do.","['need', 'training', 'student']"
"So, need to be training students to do.","['need', 'training', 'student']"
"So, education is going to have to change the education is going to have to change the education is going to have to change the way that we think about teaching and way that we think about teaching and way that we think about teaching and it's going to be affected dramatically by AI.","['education', 'going', 'change', 'education', 'going', 'change', 'education', 'going', 'change', 'way', 'think', 'teaching', 'way', 'think', 'teaching', 'way', 'think', 'teaching', 'going', 'affected', 'dramatically']"
Some other areas that we're going by AI.,"['area', 'going']"
Some other areas that we're going by AI.,"['area', 'going']"
"Some other areas that we're going to be seeing uh in the area of art and to be seeing uh in the area of art and to be seeing uh in the area of art and music, things of of the the arts.","['area', 'going', 'seeing', 'area', 'art', 'seeing', 'area', 'art', 'seeing', 'area', 'art', 'music', 'thing', 'art']"
"Um I'm music, things of of the the arts.","['music', 'thing', 'art']"
"Um I'm music, things of of the the arts.","['music', 'thing', 'art']"
"Um I'm a guitar player, so music is really a guitar player, so music is really a guitar player, so music is really important to me and I've seen what AI important to me and I've seen what AI important to me and I've seen what AI has been doing in the area of music.","['guitar', 'player', 'music', 'really', 'guitar', 'player', 'music', 'really', 'guitar', 'player', 'music', 'really', 'important', 'seen', 'important', 'seen', 'important', 'seen', 'area', 'music']"
has been doing in the area of music.,"['area', 'music']"
has been doing in the area of music.,"['area', 'music']"
We've got entire groups that don't exist.,"['got', 'entire', 'group', 'exist']"
They were generated out of AI.,['generated']
exist.,['exist']
They were generated out of AI.,['generated']
exist.,['exist']
They were generated out of AI.,['generated']
We're going to see more of that.,"['going', 'see']"
Some of We're going to see more of that.,"['going', 'see']"
Some of We're going to see more of that.,"['going', 'see']"
Some of the music that comes out is actually the music that comes out is actually the music that comes out is actually pretty good.,"['music', 'come', 'actually', 'music', 'come', 'actually', 'music', 'come', 'actually', 'pretty', 'good']"
Not all of it.,[]
Some of it's pretty good.,"['pretty', 'good']"
Not all of it.,[]
Some of it's pretty good.,"['pretty', 'good']"
Not all of it.,[]
"Some of it's just slop, but heck, we've had slop in just slop, but heck, we've had slop in just slop, but heck, we've had slop in the music industry for as long as we the music industry for as long as we the music industry for as long as we have in the music industry.","['slop', 'heck', 'slop', 'slop', 'heck', 'slop', 'slop', 'heck', 'slop', 'music', 'industry', 'long', 'music', 'industry', 'long', 'music', 'industry', 'long', 'music', 'industry']"
"So, that's have in the music industry.","['music', 'industry']"
"So, that's have in the music industry.","['music', 'industry']"
"So, that's not new.",['new']
Marketing is another area where not new.,"['marketing', 'another', 'area', 'new']"
Marketing is another area where not new.,"['marketing', 'another', 'area', 'new']"
Marketing is another area where we're seeing a lot of uses of AI already we're seeing a lot of uses of AI already we're seeing a lot of uses of AI already and even more as it can generate copy and even more as it can generate copy and even more as it can generate copy for us.,"['marketing', 'another', 'area', 'seeing', 'lot', 'us', 'already', 'seeing', 'lot', 'us', 'already', 'seeing', 'lot', 'us', 'already', 'even', 'generate', 'copy', 'even', 'generate', 'copy', 'even', 'generate', 'copy']"
It can generate even give you for us.,"['generate', 'even', 'give']"
It can generate even give you for us.,"['generate', 'even', 'give']"
It can generate even give you ideas for business plans.,"['generate', 'even', 'give', 'idea', 'business', 'plan']"
It can give ideas for business plans.,"['give', 'idea', 'business', 'plan']"
It can give ideas for business plans.,"['give', 'idea', 'business', 'plan']"
It can give you ideas for marketing campaigns.,"['give', 'idea', 'marketing', 'campaign']"
"Another one that's going to affect, and Another one that's going to affect, and Another one that's going to affect, and I keep telling this to all of my I keep telling this to all of my I keep telling this to all of my students, if you just want to learn to students, if you just want to learn to students, if you just want to learn to code, like I did when I was a computer code, like I did when I was a computer code, like I did when I was a computer science major, I was going to learn to science major, I was going to learn to science major, I was going to learn to be a programmer.","['another', 'one', 'going', 'affect', 'another', 'one', 'going', 'affect', 'another', 'one', 'going', 'affect', 'keep', 'telling', 'keep', 'telling', 'keep', 'telling', 'student', 'want', 'learn', 'student', 'want', 'learn', 'student', 'want', 'learn', 'code', 'like', 'computer', 'code', 'like', 'computer', 'code', 'like', 'computer', 'science', 'major', 'going', 'learn', 'science', 'major', 'going', 'learn', 'science', 'major', 'going', 'learn', 'programmer']"
If that's all you want be a programmer.,"['want', 'programmer']"
If that's all you want be a programmer.,"['want', 'programmer']"
"If that's all you want to do, we're going to need far fewer of to do, we're going to need far fewer of to do, we're going to need far fewer of those in the future as AI gets better those in the future as AI gets better those in the future as AI gets better and better at writing code.","['want', 'going', 'need', 'far', 'fewer', 'going', 'need', 'far', 'fewer', 'going', 'need', 'far', 'fewer', 'future', 'get', 'better', 'future', 'get', 'better', 'future', 'get', 'better', 'better', 'writing', 'code']"
"Right now, and better at writing code.","['right', 'better', 'writing', 'code']"
"Right now, and better at writing code.","['right', 'better', 'writing', 'code']"
"Right now, people are still better, but people don't scale to the same degree as AI, don't scale to the same degree as AI, don't scale to the same degree as AI, and AI keeps getting better.","['right', 'people', 'still', 'better', 'people', 'scale', 'degree', 'scale', 'degree', 'scale', 'degree', 'keep', 'getting', 'better']"
"So, we'll and AI keeps getting better.","['keep', 'getting', 'better']"
"So, we'll and AI keeps getting better.","['keep', 'getting', 'better']"
"So, we'll still have coding jobs, but not as many still have coding jobs, but not as many still have coding jobs, but not as many going forward.","['still', 'coding', 'job', 'many', 'still', 'coding', 'job', 'many', 'still', 'coding', 'job', 'many', 'going', 'forward']"
I think you're going to going forward.,"['think', 'going', 'going', 'forward']"
I think you're going to going forward.,"['think', 'going', 'going', 'forward']"
I think you're going to see AI affecting all of these areas in a see AI affecting all of these areas in a see AI affecting all of these areas in a very significant way as we move forward.,"['think', 'going', 'see', 'affecting', 'area', 'see', 'affecting', 'area', 'see', 'affecting', 'area', 'significant', 'way', 'move', 'forward']"
very significant way as we move forward.,"['significant', 'way', 'move', 'forward']"
very significant way as we move forward.,"['significant', 'way', 'move', 'forward']"
"Just to let you know, I'm not only Just to let you know, I'm not only Just to let you know, I'm not only focused on AI for the future.","['let', 'know', 'let', 'know', 'let', 'know', 'focused', 'future']"
There's focused on AI for the future.,"['focused', 'future']"
There's focused on AI for the future.,"['focused', 'future']"
There's some other nonAI topics.,"['nonai', 'topic']"
"One of them, if some other nonAI topics.","['one', 'nonai', 'topic']"
"One of them, if some other nonAI topics.","['one', 'nonai', 'topic']"
"One of them, if you've watched any of my videos, you'll you've watched any of my videos, you'll you've watched any of my videos, you'll know I'm a big fan of these things know I'm a big fan of these things know I'm a big fan of these things called pass keys, which are a replacement for passwords.","['one', 'watched', 'video', 'watched', 'video', 'watched', 'video', 'know', 'big', 'fan', 'thing', 'know', 'big', 'fan', 'thing', 'know', 'big', 'fan', 'thing', 'called', 'pas', 'key', 'replacement', 'password']"
"More secure, easier to keep up with, fishing resistant for the most part.","['secure', 'easier', 'keep', 'fishing', 'resistant', 'part']"
"So, pass resistant for the most part.","['pas', 'resistant', 'part']"
"So, pass resistant for the most part.","['pas', 'resistant', 'part']"
"So, pass keys and they come to us from an keys and they come to us from an keys and they come to us from an organization called the PHTO Alliance, fast identity online.","['pas', 'key', 'come', 'key', 'come', 'key', 'come', 'organization', 'called', 'phto', 'alliance', 'fast', 'identity', 'online']"
There's a lot of fast identity online.,"['lot', 'fast', 'identity', 'online']"
There's a lot of fast identity online.,"['lot', 'fast', 'identity', 'online']"
There's a lot of companies that have signed up for this.,"['lot', 'company', 'signed']"
companies that have signed up for this.,"['company', 'signed']"
companies that have signed up for this.,"['company', 'signed']"
"I mean, just to name drop a few, Amazon, I mean, just to name drop a few, Amazon, I mean, just to name drop a few, Amazon, Google, uh, Target, PayPal, Microsoft, Tik Tok, those are all organizations that are part of this.","['mean', 'name', 'drop', 'amazon', 'mean', 'name', 'drop', 'amazon', 'mean', 'name', 'drop', 'amazon', 'google', 'target', 'paypal', 'microsoft', 'tik', 'tok', 'organization', 'part']"
And the phto that are part of this.,"['phto', 'part']"
And the phto that are part of this.,"['phto', 'part']"
And the phto alliance came out with a report that alliance came out with a report that alliance came out with a report that said that 93% of accounts from those said that 93% of accounts from those said that 93% of accounts from those organizations are eligible for pass keys and that in are eligible for pass keys and that in are eligible for pass keys and that in fact onethird of people have actually enabled those as well.,"['phto', 'alliance', 'came', 'report', 'alliance', 'came', 'report', 'alliance', 'came', 'report', 'said', 'account', 'said', 'account', 'said', 'account', 'organization', 'eligible', 'pas', 'key', 'eligible', 'pas', 'key', 'eligible', 'pas', 'key', 'fact', 'onethird', 'people', 'actually', 'enabled', 'well']"
I remember when I enabled those as well.,"['remember', 'enabled', 'well']"
I remember when I enabled those as well.,"['remember', 'enabled', 'well']"
"I remember when I first started talking about pass keys, a first started talking about pass keys, a first started talking about pass keys, a lot of people said, ""Ah, this doesn't lot of people said, ""Ah, this doesn't lot of people said, ""Ah, this doesn't work.","['remember', 'first', 'started', 'talking', 'pas', 'key', 'first', 'started', 'talking', 'pas', 'key', 'first', 'started', 'talking', 'pas', 'key', 'lot', 'people', 'said', 'lot', 'people', 'said', 'lot', 'people', 'said', 'work']"
What about this?,[]
What about that?,[]
work.,['work']
What about this?,[]
What about that?,[]
work.,['work']
What about this?,[]
What about that?,[]
It's got problems.,"['got', 'problem']"
It is working.,['working']
It It's got problems.,"['got', 'problem']"
It is working.,['working']
It It's got problems.,"['got', 'problem']"
It is working.,['working']
It It's working.,['working']
"Large companies are using this and it's getting deployed."" IBM internally, we made a switch to where internally, we made a switch to where internally, we made a switch to where all employees have to use this when all employees have to use this when all employees have to use this when we're authenticating into our internal systems.","['large', 'company', 'using', 'getting', 'deployed', 'ibm', 'internally', 'made', 'switch', 'internally', 'made', 'switch', 'internally', 'made', 'switch', 'employee', 'use', 'employee', 'use', 'employee', 'use', 'authenticating', 'internal', 'system']"
"So, we're using this across the systems.","['using', 'across', 'system']"
"So, we're using this across the systems.","['using', 'across', 'system']"
"So, we're using this across the entire company as well.","['using', 'across', 'entire', 'company', 'well']"
"And me personally, if I go into my password personally, if I go into my password personally, if I go into my password manager, which is where these can be manager, which is where these can be manager, which is where these can be stored, I've got 17 pass keys already, stored, I've got 17 pass keys already, stored, I've got 17 pass keys already, and I expect it will grow over time.","['personally', 'password', 'personally', 'password', 'personally', 'password', 'manager', 'manager', 'manager', 'stored', 'got', 'pas', 'key', 'already', 'stored', 'got', 'pas', 'key', 'already', 'stored', 'got', 'pas', 'key', 'already', 'expect', 'grow', 'time']"
"So, and I expect it will grow over time.","['expect', 'grow', 'time']"
"So, and I expect it will grow over time.","['expect', 'grow', 'time']"
"So, I think pass keys are a good I think pass keys are a good I think pass keys are a good alternative.","['think', 'pas', 'key', 'good', 'think', 'pas', 'key', 'good', 'think', 'pas', 'key', 'good', 'alternative']"
They help us with what is alternative.,"['help', 'alternative']"
They help us with what is alternative.,"['help', 'alternative']"
"They help us with what is the number one uh cause of data the number one uh cause of data the number one uh cause of data breaches, which are fishing attacks, which in many cases are going after your which in many cases are going after your which in many cases are going after your credentials, your passwords.","['help', 'number', 'one', 'cause', 'data', 'number', 'one', 'cause', 'data', 'number', 'one', 'cause', 'data', 'breach', 'fishing', 'attack', 'many', 'case', 'going', 'many', 'case', 'going', 'many', 'case', 'going', 'credential', 'password']"
And I can't steal your password if you don't have steal your password if you don't have steal your password if you don't have one.,"['steal', 'password', 'steal', 'password', 'steal', 'password', 'one']"
A pass key is a better alternative.,"['pas', 'key', 'better', 'alternative']"
one.,['one']
A pass key is a better alternative.,"['pas', 'key', 'better', 'alternative']"
one.,['one']
A pass key is a better alternative.,"['pas', 'key', 'better', 'alternative']"
"Okay, confession time.","['okay', 'confession', 'time']"
"I built a time Okay, confession time.","['built', 'time', 'okay', 'confession', 'time']"
"I built a time Okay, confession time.","['built', 'time', 'okay', 'confession', 'time']"
I built a time machine and traveled into the future.,"['built', 'time', 'machine', 'traveled', 'future']"
"Okay, not really, but play along.","['okay', 'really', 'play', 'along']"
"I Okay, not really, but play along.","['okay', 'really', 'play', 'along']"
"I Okay, not really, but play along.","['okay', 'really', 'play', 'along']"
"I found a copy of the latest IBM cost of a found a copy of the latest IBM cost of a found a copy of the latest IBM cost of a data breach report because I mean, what data breach report because I mean, what data breach report because I mean, what else would a security nerd grab when else would a security nerd grab when else would a security nerd grab when they go into the future?","['found', 'copy', 'latest', 'ibm', 'cost', 'found', 'copy', 'latest', 'ibm', 'cost', 'found', 'copy', 'latest', 'ibm', 'cost', 'data', 'breach', 'report', 'mean', 'data', 'breach', 'report', 'mean', 'data', 'breach', 'report', 'mean', 'else', 'would', 'security', 'nerd', 'grab', 'else', 'would', 'security', 'nerd', 'grab', 'else', 'would', 'security', 'nerd', 'grab', 'future']"
Cost of a data they go into the future?,"['cost', 'data', 'future']"
Cost of a data they go into the future?,"['cost', 'data', 'future']"
Cost of a data breach report.,"['cost', 'data', 'breach', 'report']"
And what did I find in breach report.,"['find', 'breach', 'report']"
And what did I find in breach report.,"['find', 'breach', 'report']"
And what did I find in there?,['find']
"Well, I found that one of the top there?","['well', 'found', 'one', 'top']"
"Well, I found that one of the top there?","['well', 'found', 'one', 'top']"
"Well, I found that one of the top causes of data breaches was quantum cracking of conventional cryptography.","['well', 'found', 'one', 'top', 'cause', 'data', 'breach', 'quantum', 'cracking', 'conventional', 'cryptography']"
"Unfortunately, I forgot to note the year Unfortunately, I forgot to note the year Unfortunately, I forgot to note the year of the report.","['unfortunately', 'forgot', 'note', 'year', 'unfortunately', 'forgot', 'note', 'year', 'unfortunately', 'forgot', 'note', 'year', 'report']"
It slipped my mind.,"['slipped', 'mind']"
"So, I of the report.",['report']
It slipped my mind.,"['slipped', 'mind']"
"So, I of the report.",['report']
It slipped my mind.,"['slipped', 'mind']"
"So, I won't be able to tell you exactly what won't be able to tell you exactly what won't be able to tell you exactly what year that's going to happen, but I do year that's going to happen, but I do year that's going to happen, but I do know it wasn't all that far into the know it wasn't all that far into the know it wasn't all that far into the future because there were no flying cars.","['able', 'tell', 'exactly', 'able', 'tell', 'exactly', 'able', 'tell', 'exactly', 'year', 'going', 'happen', 'year', 'going', 'happen', 'year', 'going', 'happen', 'know', 'far', 'know', 'far', 'know', 'far', 'future', 'flying', 'car']"
"So, the good news though is that cars.","['good', 'news', 'though', 'car']"
"So, the good news though is that cars.","['good', 'news', 'though', 'car']"
"So, the good news though is that you can do something to avert that you can do something to avert that you can do something to avert that disaster now by implementing what's known as quantum safe cryptography or some people refer to it as postquantum some people refer to it as postquantum some people refer to it as postquantum cryptography.","['good', 'news', 'though', 'something', 'avert', 'something', 'avert', 'something', 'avert', 'disaster', 'implementing', 'known', 'quantum', 'safe', 'cryptography', 'people', 'refer', 'postquantum', 'people', 'refer', 'postquantum', 'people', 'refer', 'postquantum', 'cryptography']"
Do it now.,[]
"So, now you've seen what my Do it now.",['seen']
"So, now you've seen what my Do it now.",['seen']
"So, now you've seen what my crystal ball sees happening in cyber security in 2026 and beyond.","['seen', 'crystal', 'ball', 'see', 'happening', 'cyber', 'security', 'beyond']"
"Now, I'd security in 2026 and beyond.","['security', 'beyond']"
"Now, I'd security in 2026 and beyond.","['security', 'beyond']"
"Now, I'd like to hear from you to see what you like to hear from you to see what you like to hear from you to see what you think.","['like', 'hear', 'see', 'like', 'hear', 'see', 'like', 'hear', 'see', 'think']"
Where did I hit and where did I think.,"['hit', 'think']"
Where did I hit and where did I think.,"['hit', 'think']"
Where did I hit and where did I miss?,"['hit', 'miss']"
Be gentle.,['gentle']
Crystal balls aren't perfect after all.,"['crystal', 'ball', 'perfect']"
What do you see perfect after all.,"['see', 'perfect']"
What do you see perfect after all.,"['see', 'perfect']"
What do you see happening in the future?,"['see', 'happening', 'future']"
Post all of happening in the future?,"['post', 'happening', 'future']"
Post all of happening in the future?,"['post', 'happening', 'future']"
Post all of that in the comments section below and that in the comments section below and that in the comments section below and next year we can all look back and see next year we can all look back and see next year we can all look back and see how we did.,"['post', 'comment', 'section', 'comment', 'section', 'comment', 'section', 'next', 'year', 'look', 'back', 'see', 'next', 'year', 'look', 'back', 'see', 'next', 'year', 'look', 'back', 'see']"
